usage,randomx,randomy
21,0.924694578,0.030677084
25,0.873838108,0.707805996
30,0.29585423,0.027532627
24,0.974523518,0.305245578
27,0.535938471,0.613550165
28,0.460443908,0.883471391
23,0.083876484,0.04310611
21,0.220931849,0.72849755
23,0.172442502,0.906197451
